Product,SKU,Price,Available,Year,Description,Category
Fender,IGP1,45,M:15,1971,This vintage patch is sure to rock your world.,Music
Led Zepplin,IGP2,112,M:1,1978,Let your dreams fly with this Led Zepplin patch.,Music
The Beatles,IGP3,17,S:1,1962,"One of a kind, rare patch.",Music
Panic At The Disco,IGP4,67,M:7,1974,Everyone likes to disco. Do it with style on your polyester jacket.,Bands
Pink Floyd,IGP5,5,M:1,1979,Go pink with Pink Floyd.,Music
Iron Maiden,IGP6,23,M:1,1977,"This patch will fire up your jacket, hat, or hoodie.",Music
Offspring,IGP7,78,M:150,1987,You need this patch. 'Nuff said.,Music
Have A Nice Day,IGP8,159,M:12,1969,Brighten your world with this happy little patch from the sixties.,Music
AC/DC,IGP9,100,M:1,1988,Send an electric current running through your jacket with this little patch.,Music
New Holland,IGP10,78,M:1,1976,"A classic farming brand, this patch is rare.",Farming
Oliver,IGP11,99,M:1,1966,"Oliver went out of business, but you don't have to. Get this patch!",Farming
Alice Chalmers,IGP12,46,M:1,1965,Share your love of Alice Chalmers by putting this patch on your hat. Rip that seed corn logo off and stick this one on.,Farming
John Deere,IGP13,45,M:5,1963,You can't go wrong with a John Deere.,Farming
Pioneer,IGP14,48,M:23,1987,Take a step out on the wild side of seed corn. Be a pioneer!,Farming
Massey Ferguson,IGP15,30,M:2,1985,Massey what?! Massey Ferguson. Awww ya! Get this patch.,Farming
Garst,IGP16,33,M:1,1986,The best seed corn brand in the US of A.,Farming
Grand Canyon,IGP17,65,M:20,1975,"It's a grand, grand deep slice in the earth. Sport this patch on your next hike near the edge.",National Parks
Zion,IGP18,64,M:3,1983,"Like standing at the bottom of the Grand Canyon, Zion National Park is amazing.",National Parks
Big Bend,IGP19,11,M:1,1989,Small patch to represent a big park.,National Parks
Rocky Mountain,IGP20,134,M:1,1965,Mountains are rocky and so is this park patch.,National Parks
BANFF Canada,IGP21,84,M:1,1966,What in the world is this? Get it anyway.,National Parks
Mt Rainier,IGP22,42,M:5,1973,It's raining often at this national park. Put this patch on your rain slicker.,National Parks
Yellowstone,IGP23,24,M:1,1976,This little patch won't disappoint.,National Parks
Everglades,IGP24,61,M:6,1984,Stay clear of the gators and get this patch on your shirt today.,National Parks
Ghost Busters,IGP25,92,M:17,1988,We aren't afraid of no ghosts.,Movies
Star Wars,IGP26,14,M:1,1977,"Just in time for the new Star Wars film rage, sport this vintage patch and be the coolest person in the theater.",Movies
Batman,IGP27,13,M:7,1973,"Save the world, one dark night at a time.",Movies
Batman Wings,IGP28,5,M:8,1964,Who can resist this little patch. It'll delight every Batman fan.,Movies
Prevent Forest Fires,IGP29,7,M:1,1981,Only you can.,National Parks
Snoopy,IGP30,12,M:1,1982,Peanuts are timeless.,Movies
Indiana Jones,IGP31,28,M:1,1966,This little classic Indy patch will look amazing on your felt fedora!,Movies
Superman,IGP32,175,M:2,1967,Be super and buy this patch for a great price.,Movies